ts,open,high,low,close,volume
2025-01-01T00:00:00+00:00,100.000000,100.170030,99.850000,100.020000,100.00
2025-01-01T00:01:00+00:00,100.020000,100.190064,99.869970,100.040004,103.00
2025-01-01T00:02:00+00:00,100.040004,100.210102,99.889944,100.060012,106.00
2025-01-01T00:03:00+00:00,100.060012,100.230144,99.909922,100.080024,109.00
2025-01-01T00:04:00+00:00,100.080024,100.250190,99.929904,100.100040,112.00
2025-01-01T00:05:00+00:00,100.100040,100.270240,99.949890,100.120060,115.00
2025-01-01T00:06:00+00:00,100.120060,100.290294,99.969880,100.140084,118.00
2025-01-01T00:07:00+00:00,100.140084,100.310352,99.989874,100.160112,121.00
2025-01-01T00:08:00+00:00,100.160112,100.330414,100.009872,100.180144,124.00
2025-01-01T00:09:00+00:00,100.180144,100.350480,100.029874,100.200180,127.00
2025-01-01T00:10:00+00:00,100.200180,100.370550,100.049880,100.220220,130.00
2025-01-01T00:11:00+00:00,100.220220,100.390625,100.069890,100.240264,133.00
2025-01-01T00:12:00+00:00,100.240264,100.410703,100.089904,100.260312,136.00
2025-01-01T00:13:00+00:00,100.260312,100.430785,100.109922,100.280364,139.00
2025-01-01T00:14:00+00:00,100.280364,100.450871,100.129944,100.300420,142.00
2025-01-01T00:15:00+00:00,100.300420,100.470961,100.149970,100.320480,145.00
2025-01-01T00:16:00+00:00,100.320480,100.491055,100.170000,100.340545,148.00
2025-01-01T00:17:00+00:00,100.340545,100.511154,100.190034,100.360613,151.00
2025-01-01T00:18:00+00:00,100.360613,100.531256,100.210072,100.380685,154.00
2025-01-01T00:19:00+00:00,100.380685,100.551362,100.230114,100.400761,157.00
2025-01-01T00:20:00+00:00,100.400761,100.571472,100.250160,100.420841,160.00
2025-01-01T00:21:00+00:00,100.420841,100.591587,100.270210,100.440925,163.00
2025-01-01T00:22:00+00:00,100.440925,100.611705,100.290264,100.461013,166.00
2025-01-01T00:23:00+00:00,100.461013,100.631827,100.310322,100.481106,169.00
2025-01-01T00:24:00+00:00,100.481106,100.651954,100.330384,100.501202,172.00
2025-01-01T00:25:00+00:00,100.501202,100.672084,100.350450,100.521302,175.00
2025-01-01T00:26:00+00:00,100.521302,100.692218,100.370520,100.541406,178.00
2025-01-01T00:27:00+00:00,100.541406,100.712357,100.390594,100.561515,181.00
2025-01-01T00:28:00+00:00,100.561515,100.732499,100.410672,100.581627,184.00
2025-01-01T00:29:00+00:00,100.581627,100.752646,100.430754,100.601743,187.00
2025-01-01T00:30:00+00:00,100.601743,100.772796,100.450841,100.621864,190.00
2025-01-01T00:31:00+00:00,100.621864,100.792951,100.470931,100.641988,193.00
2025-01-01T00:32:00+00:00,100.641988,100.813110,100.491025,100.662116,196.00
2025-01-01T00:33:00+00:00,100.662116,100.833272,100.511123,100.682249,199.00
2025-01-01T00:34:00+00:00,100.682249,100.853439,100.531225,100.702385,202.00
2025-01-01T00:35:00+00:00,100.702385,100.873610,100.551332,100.722526,205.00
2025-01-01T00:36:00+00:00,100.722526,100.893784,100.571442,100.742670,208.00
2025-01-01T00:37:00+00:00,100.742670,100.913963,100.591556,100.762819,211.00
2025-01-01T00:38:00+00:00,100.762819,100.934146,100.611675,100.782971,214.00
2025-01-01T00:39:00+00:00,100.782971,100.954333,100.631797,100.803128,217.00
2025-01-01T00:40:00+00:00,100.803128,100.974523,100.651923,100.823289,220.00
2025-01-01T00:41:00+00:00,100.823289,100.994718,100.672054,100.843453,223.00
2025-01-01T00:42:00+00:00,100.843453,101.014917,100.692188,100.863622,226.00
2025-01-01T00:43:00+00:00,100.863622,101.035120,100.712326,100.883795,229.00
2025-01-01T00:44:00+00:00,100.883795,101.055327,100.732469,100.903971,232.00
2025-01-01T00:45:00+00:00,100.903971,101.075538,100.752615,100.924152,235.00
2025-01-01T00:46:00+00:00,100.924152,101.095754,100.772766,100.944337,238.00
2025-01-01T00:47:00+00:00,100.944337,101.115973,100.792920,100.964526,241.00
2025-01-01T00:48:00+00:00,100.964526,101.136196,100.813079,100.984719,244.00
2025-01-01T00:49:00+00:00,100.984719,101.156423,100.833242,101.004916,247.00
2025-01-01T00:50:00+00:00,101.004916,101.176654,100.853408,101.025117,250.00
2025-01-01T00:51:00+00:00,101.025117,101.196890,100.873579,101.045322,253.00
2025-01-01T00:52:00+00:00,101.045322,101.217129,100.893754,101.065531,256.00
2025-01-01T00:53:00+00:00,101.065531,101.237373,100.913932,101.085744,259.00
2025-01-01T00:54:00+00:00,101.085744,101.257620,100.934115,101.105961,262.00
2025-01-01T00:55:00+00:00,101.105961,101.277872,100.954302,101.126182,265.00
2025-01-01T00:56:00+00:00,101.126182,101.298127,100.974493,101.146407,268.00
2025-01-01T00:57:00+00:00,101.146407,101.318387,100.994688,101.166637,271.00
2025-01-01T00:58:00+00:00,101.166637,101.338650,101.014887,101.186870,274.00
2025-01-01T00:59:00+00:00,101.186870,101.358918,101.035090,101.207107,277.00
2025-01-01T01:00:00+00:00,101.207107,101.510956,101.055297,101.358918,320.00
2025-01-01T01:01:00+00:00,101.358918,101.663223,101.206880,101.510956,323.00
2025-01-01T01:02:00+00:00,101.510956,101.815718,101.358690,101.663223,326.00
2025-01-01T01:03:00+00:00,101.663223,102.222981,101.510728,102.069876,329.00
2025-01-01T01:04:00+00:00,102.069876,102.376315,101.916771,102.222981,332.00
2025-01-01T01:05:00+00:00,102.222981,102.529880,102.069646,102.376315,335.00
2025-01-01T01:06:00+00:00,102.376315,102.683674,102.222751,102.529880,338.00
2025-01-01T01:07:00+00:00,102.529880,102.837700,102.376085,102.683674,341.00
2025-01-01T01:08:00+00:00,102.683674,102.991956,102.529649,102.837700,344.00
2025-01-01T01:09:00+00:00,102.837700,103.146444,102.683443,102.991956,347.00
2025-01-01T01:10:00+00:00,102.991956,103.559030,102.837469,103.403924,350.00
2025-01-01T01:11:00+00:00,103.403924,103.714369,103.248818,103.559030,353.00
2025-01-01T01:12:00+00:00,103.559030,103.869940,103.403692,103.714369,356.00
2025-01-01T01:13:00+00:00,103.714369,104.025745,103.558797,103.869940,359.00
2025-01-01T01:14:00+00:00,103.869940,104.181784,103.714135,104.025745,362.00
2025-01-01T01:15:00+00:00,104.025745,104.338056,103.869707,104.181784,365.00
2025-01-01T01:16:00+00:00,104.181784,104.494564,104.025511,104.338056,368.00
2025-01-01T01:17:00+00:00,104.338056,104.912542,104.181549,104.755409,371.00
2025-01-01T01:18:00+00:00,104.755409,105.069911,104.598276,104.912542,374.00
2025-01-01T01:19:00+00:00,104.912542,105.227515,104.755173,105.069911,377.00
2025-01-01T01:20:00+00:00,105.069911,105.385357,104.912306,105.227515,140.00
2025-01-01T01:21:00+00:00,105.227515,105.543435,105.069674,105.385357,143.00
2025-01-01T01:22:00+00:00,105.385357,105.701750,105.227279,105.543435,146.00
2025-01-01T01:23:00+00:00,105.543435,105.860303,105.385120,105.701750,149.00
2025-01-01T01:24:00+00:00,105.701750,106.283744,105.543197,106.124557,152.00
2025-01-01T01:25:00+00:00,106.124557,106.443169,105.965370,106.283744,155.00
2025-01-01T01:26:00+00:00,106.283744,106.602834,106.124318,106.443169,158.00
2025-01-01T01:27:00+00:00,106.443169,106.762738,106.283505,106.602834,161.00
2025-01-01T01:28:00+00:00,106.602834,106.922883,106.442930,106.762738,164.00
2025-01-01T01:29:00+00:00,106.762738,107.083267,106.602594,106.922883,167.00
2025-01-01T01:30:00+00:00,106.922883,107.243892,106.762498,107.083267,170.00
2025-01-01T01:31:00+00:00,107.083267,107.672867,106.922642,107.511600,173.00
2025-01-01T01:32:00+00:00,107.511600,107.834377,107.350333,107.672867,176.00
2025-01-01T01:33:00+00:00,107.672867,107.996128,107.511358,107.834377,179.00
2025-01-01T01:34:00+00:00,107.834377,108.158122,107.672625,107.996128,182.00
2025-01-01T01:35:00+00:00,107.996128,108.320360,107.834134,108.158122,185.00
2025-01-01T01:36:00+00:00,108.158122,108.482840,107.995885,108.320360,188.00
2025-01-01T01:37:00+00:00,108.320360,108.645564,108.157879,108.482840,191.00
2025-01-01T01:38:00+00:00,108.482840,109.080147,108.320116,108.916771,194.00
2025-01-01T01:39:00+00:00,108.916771,109.243767,108.753396,109.080147,197.00
2025-01-01T01:40:00+00:00,109.080147,109.407632,108.916526,109.243767,200.00
2025-01-01T01:41:00+00:00,109.243767,109.571744,109.079901,109.407632,203.00
2025-01-01T01:42:00+00:00,109.407632,109.736102,109.243521,109.571744,206.00
2025-01-01T01:43:00+00:00,109.571744,109.900706,109.407386,109.736102,209.00
2025-01-01T01:44:00+00:00,109.736102,110.065557,109.571497,109.900706,212.00
2025-01-01T01:45:00+00:00,109.900706,110.505819,109.735855,110.340309,215.00
2025-01-01T01:46:00+00:00,110.340309,110.671578,110.174798,110.505819,218.00
2025-01-01T01:47:00+00:00,110.505819,110.837585,110.340060,110.671578,221.00
2025-01-01T01:48:00+00:00,110.671578,111.003841,110.505570,110.837585,224.00
2025-01-01T01:49:00+00:00,110.837585,111.170347,110.671329,111.003841,227.00
2025-01-01T01:50:00+00:00,111.003841,111.337103,110.837336,111.170347,230.00
2025-01-01T01:51:00+00:00,111.170347,111.504108,111.003592,111.337103,233.00
2025-01-01T01:52:00+00:00,111.337103,111.950125,111.170097,111.782451,236.00
2025-01-01T01:53:00+00:00,111.782451,112.118050,111.614777,111.950125,239.00
2025-01-01T01:54:00+00:00,111.950125,112.286227,111.782200,112.118050,242.00
2025-01-01T01:55:00+00:00,112.118050,112.454656,111.949873,112.286227,245.00
2025-01-01T01:56:00+00:00,112.286227,112.623338,112.117798,112.454656,248.00
2025-01-01T01:57:00+00:00,112.454656,112.792273,112.285974,112.623338,251.00
2025-01-01T01:58:00+00:00,112.623338,112.961462,112.454403,112.792273,254.00
2025-01-01T01:59:00+00:00,112.792273,113.413308,112.623085,113.243443,257.00
2025-01-01T02:00:00+00:00,113.243443,113.413308,112.983118,113.152848,300.00
2025-01-01T02:01:00+00:00,113.152848,113.322577,112.892732,113.062325,303.00
2025-01-01T02:02:00+00:00,113.062325,113.231919,112.802418,112.971876,306.00
2025-01-01T02:03:00+00:00,112.971876,113.141333,112.712176,112.881498,309.00
2025-01-01T02:04:00+00:00,112.881498,113.050820,112.622006,112.791193,312.00
2025-01-01T02:05:00+00:00,112.791193,112.960380,112.531909,112.700960,315.00
2025-01-01T02:06:00+00:00,112.700960,112.870011,112.441883,112.610799,318.00
2025-01-01T02:07:00+00:00,112.610799,112.779715,112.351929,112.520711,321.00
2025-01-01T02:08:00+00:00,112.520711,112.689492,112.262048,112.430694,324.00
2025-01-01T02:09:00+00:00,112.430694,112.599340,112.172238,112.340749,327.00
2025-01-01T02:10:00+00:00,112.340749,112.509261,112.082501,112.250877,330.00
2025-01-01T02:11:00+00:00,112.250877,112.419253,111.992835,112.161076,333.00
2025-01-01T02:12:00+00:00,112.161076,112.329318,111.903240,112.071347,336.00
2025-01-01T02:13:00+00:00,112.071347,112.239454,111.813718,111.981690,339.00
2025-01-01T02:14:00+00:00,111.981690,112.149663,111.724267,111.892105,342.00
2025-01-01T02:15:00+00:00,111.892105,112.059943,111.634887,111.802591,345.00
2025-01-01T02:16:00+00:00,111.802591,111.970295,111.545579,111.713149,348.00
2025-01-01T02:17:00+00:00,111.713149,111.880719,111.456343,111.623779,351.00
2025-01-01T02:18:00+00:00,111.623779,111.791214,111.367178,111.534480,354.00
2025-01-01T02:19:00+00:00,111.534480,111.701781,111.278084,111.445252,357.00
2025-01-01T02:20:00+00:00,111.445252,111.612420,111.189062,111.356096,360.00
2025-01-01T02:21:00+00:00,111.356096,111.523130,111.100110,111.267011,363.00
2025-01-01T02:22:00+00:00,111.267011,111.433911,111.011230,111.177997,366.00
2025-01-01T02:23:00+00:00,111.177997,111.344764,110.922421,111.089055,369.00
2025-01-01T02:24:00+00:00,111.089055,111.255688,110.833683,111.000184,372.00
2025-01-01T02:25:00+00:00,111.000184,111.166684,110.745016,110.911383,375.00
2025-01-01T02:26:00+00:00,110.911383,111.077751,110.656420,110.822654,378.00
2025-01-01T02:27:00+00:00,110.822654,110.988888,110.567895,110.733996,381.00
2025-01-01T02:28:00+00:00,110.733996,110.900097,110.479441,110.645409,384.00
2025-01-01T02:29:00+00:00,110.645409,110.811377,110.391057,110.556893,387.00
2025-01-01T02:30:00+00:00,110.556893,110.722728,110.302745,110.468447,390.00
2025-01-01T02:31:00+00:00,110.468447,110.634150,110.214502,110.380072,393.00
2025-01-01T02:32:00+00:00,110.380072,110.545643,110.126331,110.291768,396.00
2025-01-01T02:33:00+00:00,110.291768,110.457206,110.038230,110.203535,399.00
2025-01-01T02:34:00+00:00,110.203535,110.368840,109.950199,110.115372,402.00
2025-01-01T02:35:00+00:00,110.115372,110.280545,109.862239,110.027280,405.00
2025-01-01T02:36:00+00:00,110.027280,110.192321,109.774349,109.939258,408.00
2025-01-01T02:37:00+00:00,109.939258,110.104167,109.686530,109.851307,411.00
2025-01-01T02:38:00+00:00,109.851307,110.016084,109.598780,109.763426,414.00
2025-01-01T02:39:00+00:00,109.763426,109.928071,109.511101,109.675615,417.00
2025-01-01T02:40:00+00:00,109.675615,109.840128,109.423493,109.587874,180.00
2025-01-01T02:41:00+00:00,109.587874,109.752256,109.335954,109.500204,183.00
2025-01-01T02:42:00+00:00,109.500204,109.664454,109.248485,109.412604,186.00
2025-01-01T02:43:00+00:00,109.412604,109.576723,109.161086,109.325074,189.00
2025-01-01T02:44:00+00:00,109.325074,109.489061,109.073757,109.237614,192.00
2025-01-01T02:45:00+00:00,109.237614,109.401470,108.986498,109.150224,195.00
2025-01-01T02:46:00+00:00,109.150224,109.313949,108.899309,109.062903,198.00
2025-01-01T02:47:00+00:00,109.062903,109.226498,108.812190,108.975653,201.00
2025-01-01T02:48:00+00:00,108.975653,109.139117,108.725140,108.888473,204.00
2025-01-01T02:49:00+00:00,108.888473,109.051805,108.638160,108.801362,207.00
2025-01-01T02:50:00+00:00,108.801362,108.964564,108.551249,108.714321,210.00
2025-01-01T02:51:00+00:00,108.714321,108.877392,108.464408,108.627349,213.00
2025-01-01T02:52:00+00:00,108.627349,108.790290,108.377637,108.540447,216.00
2025-01-01T02:53:00+00:00,108.540447,108.703258,108.290935,108.453615,219.00
2025-01-01T02:54:00+00:00,108.453615,108.616295,108.204302,108.366852,222.00
2025-01-01T02:55:00+00:00,108.366852,108.529402,108.117738,108.280159,225.00
2025-01-01T02:56:00+00:00,108.280159,108.442579,108.031244,108.193535,228.00
2025-01-01T02:57:00+00:00,108.193535,108.355825,107.944819,108.106980,231.00
2025-01-01T02:58:00+00:00,108.106980,108.269140,107.858463,108.020494,234.00
2025-01-01T02:59:00+00:00,108.020494,108.182525,107.772177,107.934078,237.00
2025-01-01T03:00:00+00:00,107.934078,108.420267,107.772177,108.257880,280.00
2025-01-01T03:01:00+00:00,108.257880,108.507003,108.095493,108.344486,283.00
2025-01-01T03:02:00+00:00,108.344486,108.593809,108.181970,108.431162,286.00
2025-01-01T03:03:00+00:00,108.431162,108.680684,108.268515,108.517907,289.00
2025-01-01T03:04:00+00:00,108.517907,108.767628,108.355130,108.604721,292.00
2025-01-01T03:05:00+00:00,108.604721,108.854642,108.441814,108.691605,295.00
2025-01-01T03:06:00+00:00,108.691605,108.941726,108.528568,108.778558,298.00
2025-01-01T03:07:00+00:00,108.778558,109.028879,108.615390,108.865581,301.00
2025-01-01T03:08:00+00:00,108.865581,109.116103,108.702283,108.952674,304.00
2025-01-01T03:09:00+00:00,108.952674,109.443451,108.789245,109.279532,307.00
2025-01-01T03:10:00+00:00,109.279532,109.531006,109.115612,109.366955,310.00
2025-01-01T03:11:00+00:00,109.366955,109.618630,109.202905,109.454449,313.00
2025-01-01T03:12:00+00:00,109.454449,109.706325,109.290267,109.542012,316.00
2025-01-01T03:13:00+00:00,109.542012,109.794090,109.377699,109.629646,319.00
2025-01-01T03:14:00+00:00,109.629646,109.881926,109.465201,109.717350,322.00
2025-01-01T03:15:00+00:00,109.717350,109.969831,109.552774,109.805123,325.00
2025-01-01T03:16:00+00:00,109.805123,110.057807,109.640416,109.892968,328.00
2025-01-01T03:17:00+00:00,109.892968,110.145853,109.728128,109.980882,331.00
2025-01-01T03:18:00+00:00,109.980882,110.476291,109.815911,110.310825,334.00
2025-01-01T03:19:00+00:00,110.310825,110.564672,110.145358,110.399073,337.00
2025-01-01T03:20:00+00:00,110.399073,110.653124,110.233475,110.487393,340.00
2025-01-01T03:21:00+00:00,110.487393,110.741646,110.321661,110.575782,343.00
2025-01-01T03:22:00+00:00,110.575782,110.830239,110.409919,110.664243,346.00
2025-01-01T03:23:00+00:00,110.664243,110.918904,110.498247,110.752774,349.00
2025-01-01T03:24:00+00:00,110.752774,111.007639,110.586645,110.841377,352.00
2025-01-01T03:25:00+00:00,110.841377,111.096445,110.675115,110.930050,355.00
2025-01-01T03:26:00+00:00,110.930050,111.185322,110.763655,111.018794,358.00
2025-01-01T03:27:00+00:00,111.018794,111.518878,110.852266,111.351850,361.00
2025-01-01T03:28:00+00:00,111.351850,111.608093,111.184822,111.440932,364.00
2025-01-01T03:29:00+00:00,111.440932,111.697380,111.273770,111.530084,367.00
2025-01-01T03:30:00+00:00,111.530084,111.786737,111.362789,111.619308,370.00
2025-01-01T03:31:00+00:00,111.619308,111.876167,111.451880,111.708604,373.00
2025-01-01T03:32:00+00:00,111.708604,111.965668,111.541041,111.797971,376.00
2025-01-01T03:33:00+00:00,111.797971,112.055240,111.630274,111.887409,379.00
2025-01-01T03:34:00+00:00,111.887409,112.144885,111.719578,111.976919,382.00
2025-01-01T03:35:00+00:00,111.976919,112.234600,111.808954,112.066501,385.00
2025-01-01T03:36:00+00:00,112.066501,112.571304,111.898401,112.402700,388.00
2025-01-01T03:37:00+00:00,112.402700,112.661361,112.234096,112.492622,391.00
2025-01-01T03:38:00+00:00,112.492622,112.751490,112.323883,112.582616,394.00
2025-01-01T03:39:00+00:00,112.582616,112.841692,112.413742,112.672683,397.00
2025-01-01T03:40:00+00:00,112.672683,112.931965,112.503673,112.762821,400.00
2025-01-01T03:41:00+00:00,112.762821,113.022310,112.593676,112.853031,403.00
2025-01-01T03:42:00+00:00,112.853031,113.112728,112.683751,112.943313,406.00
2025-01-01T03:43:00+00:00,112.943313,113.203218,112.773898,113.033668,409.00
2025-01-01T03:44:00+00:00,113.033668,113.293781,112.864117,113.124095,412.00
2025-01-01T03:45:00+00:00,113.124095,113.633662,112.954409,113.463467,415.00
2025-01-01T03:46:00+00:00,113.463467,113.724569,113.293272,113.554238,418.00
2025-01-01T03:47:00+00:00,113.554238,113.815549,113.383907,113.645081,421.00
2025-01-01T03:48:00+00:00,113.645081,113.906601,113.474614,113.735997,424.00
2025-01-01T03:49:00+00:00,113.735997,113.997727,113.565393,113.826986,427.00
2025-01-01T03:50:00+00:00,113.826986,114.088925,113.656246,113.918048,430.00
2025-01-01T03:51:00+00:00,113.918048,114.180196,113.747171,114.009182,433.00
2025-01-01T03:52:00+00:00,114.009182,114.271540,113.838168,114.100390,436.00
2025-01-01T03:53:00+00:00,114.100390,114.362957,113.929239,114.191670,439.00
2025-01-01T03:54:00+00:00,114.191670,114.706046,114.020382,114.534245,442.00
2025-01-01T03:55:00+00:00,114.534245,114.797811,114.362444,114.625872,445.00
2025-01-01T03:56:00+00:00,114.625872,114.889649,114.453934,114.717573,448.00
2025-01-01T03:57:00+00:00,114.717573,114.981561,114.545497,114.809347,451.00
2025-01-01T03:58:00+00:00,114.809347,115.073546,114.637133,114.901195,454.00
2025-01-01T03:59:00+00:00,114.901195,115.165605,114.728843,114.993116,457.00
2025-01-01T04:00:00+00:00,114.993116,115.188638,114.820626,115.016114,100.00
2025-01-01T04:01:00+00:00,115.016114,115.211676,114.843590,115.039117,103.00
2025-01-01T04:02:00+00:00,115.039117,115.234718,114.866559,115.062125,106.00
2025-01-01T04:03:00+00:00,115.062125,115.257765,114.889532,115.085138,109.00
2025-01-01T04:04:00+00:00,115.085138,115.280817,114.912510,115.108155,112.00
2025-01-01T04:05:00+00:00,115.108155,115.303873,114.935492,115.131176,115.00
2025-01-01T04:06:00+00:00,115.131176,115.326934,114.958480,115.154203,118.00
2025-01-01T04:07:00+00:00,115.154203,115.349999,114.981471,115.177233,121.00
2025-01-01T04:08:00+00:00,115.177233,115.373069,115.004467,115.200269,124.00
2025-01-01T04:09:00+00:00,115.200269,115.396144,115.027468,115.223309,127.00
2025-01-01T04:10:00+00:00,115.223309,115.419223,115.050474,115.246354,130.00
2025-01-01T04:11:00+00:00,115.246354,115.442307,115.073484,115.269403,133.00
2025-01-01T04:12:00+00:00,115.269403,115.465395,115.096499,115.292457,136.00
2025-01-01T04:13:00+00:00,115.292457,115.488488,115.119518,115.315515,139.00
2025-01-01T04:14:00+00:00,115.315515,115.511586,115.142542,115.338578,142.00
2025-01-01T04:15:00+00:00,115.338578,115.534688,115.165570,115.361646,145.00
2025-01-01T04:16:00+00:00,115.361646,115.557795,115.188604,115.384718,148.00
2025-01-01T04:17:00+00:00,115.384718,115.580907,115.211641,115.407795,151.00
2025-01-01T04:18:00+00:00,115.407795,115.604023,115.234684,115.430877,154.00
2025-01-01T04:19:00+00:00,115.430877,115.627144,115.257730,115.453963,157.00
2025-01-01T04:20:00+00:00,115.453963,115.650269,115.280782,115.477054,160.00
2025-01-01T04:21:00+00:00,115.477054,115.673399,115.303838,115.500149,163.00
2025-01-01T04:22:00+00:00,115.500149,115.696534,115.326899,115.523249,166.00
2025-01-01T04:23:00+00:00,115.523249,115.719673,115.349964,115.546354,169.00
2025-01-01T04:24:00+00:00,115.546354,115.742817,115.373034,115.569463,172.00
2025-01-01T04:25:00+00:00,115.569463,115.765966,115.396109,115.592577,175.00
2025-01-01T04:26:00+00:00,115.592577,115.789119,115.419188,115.615696,178.00
2025-01-01T04:27:00+00:00,115.615696,115.812277,115.442272,115.638819,181.00
2025-01-01T04:28:00+00:00,115.638819,115.835439,115.465360,115.661946,184.00
2025-01-01T04:29:00+00:00,115.661946,115.858606,115.488454,115.685079,187.00
2025-01-01T04:30:00+00:00,115.685079,115.881778,115.511551,115.708216,190.00
2025-01-01T04:31:00+00:00,115.708216,115.904955,115.534654,115.731357,193.00
2025-01-01T04:32:00+00:00,115.731357,115.928136,115.557760,115.754504,196.00
2025-01-01T04:33:00+00:00,115.754504,115.951321,115.580872,115.777655,199.00
2025-01-01T04:34:00+00:00,115.777655,115.974511,115.603988,115.800810,202.00
2025-01-01T04:35:00+00:00,115.800810,115.997706,115.627109,115.823970,205.00
2025-01-01T04:36:00+00:00,115.823970,116.020906,115.650234,115.847135,208.00
2025-01-01T04:37:00+00:00,115.847135,116.044110,115.673364,115.870305,211.00
2025-01-01T04:38:00+00:00,115.870305,116.067319,115.696499,115.893479,214.00
2025-01-01T04:39:00+00:00,115.893479,116.090532,115.719638,115.916657,217.00
2025-01-01T04:40:00+00:00,115.916657,116.113750,115.742782,115.939841,220.00
2025-01-01T04:41:00+00:00,115.939841,116.136973,115.765931,115.963029,223.00
2025-01-01T04:42:00+00:00,115.963029,116.160201,115.789084,115.986221,226.00
2025-01-01T04:43:00+00:00,115.986221,116.183433,115.812242,116.009418,229.00
2025-01-01T04:44:00+00:00,116.009418,116.206669,115.835404,116.032620,232.00
2025-01-01T04:45:00+00:00,116.032620,116.229911,115.858571,116.055827,235.00
2025-01-01T04:46:00+00:00,116.055827,116.253157,115.881743,116.079038,238.00
2025-01-01T04:47:00+00:00,116.079038,116.276407,115.904920,116.102254,241.00
2025-01-01T04:48:00+00:00,116.102254,116.299663,115.928100,116.125474,244.00
2025-01-01T04:49:00+00:00,116.125474,116.322922,115.951286,116.148699,247.00
2025-01-01T04:50:00+00:00,116.148699,116.346187,115.974476,116.171929,250.00
2025-01-01T04:51:00+00:00,116.171929,116.369456,115.997671,116.195164,253.00
2025-01-01T04:52:00+00:00,116.195164,116.392730,116.020871,116.218403,256.00
2025-01-01T04:53:00+00:00,116.218403,116.416009,116.044075,116.241646,259.00
2025-01-01T04:54:00+00:00,116.241646,116.439292,116.067284,116.264895,262.00
2025-01-01T04:55:00+00:00,116.264895,116.462580,116.090497,116.288148,265.00
2025-01-01T04:56:00+00:00,116.288148,116.485872,116.113715,116.311405,268.00
2025-01-01T04:57:00+00:00,116.311405,116.509169,116.136938,116.334667,271.00
2025-01-01T04:58:00+00:00,116.334667,116.532471,116.160165,116.357934,274.00
2025-01-01T04:59:00+00:00,116.357934,116.555778,116.183398,116.381206,277.00
2025-01-01T05:00:00+00:00,116.381206,116.730611,116.206634,116.555778,320.00
2025-01-01T05:01:00+00:00,116.555778,117.197534,116.380944,117.022001,323.00
2025-01-01T05:02:00+00:00,117.022001,117.373330,116.846468,117.197534,326.00
2025-01-01T05:03:00+00:00,117.197534,117.549390,117.021738,117.373330,329.00
2025-01-01T05:04:00+00:00,117.373330,117.725714,117.197270,117.549390,332.00
2025-01-01T05:05:00+00:00,117.549390,117.902303,117.373066,117.725714,335.00
2025-01-01T05:06:00+00:00,117.725714,118.079156,117.549126,117.902303,338.00
2025-01-01T05:07:00+00:00,117.902303,118.256275,117.725449,118.079156,341.00
2025-01-01T05:08:00+00:00,118.079156,118.729300,117.902038,118.551473,344.00
2025-01-01T05:09:00+00:00,118.551473,118.907394,118.373646,118.729300,347.00
2025-01-01T05:10:00+00:00,118.729300,119.085755,118.551206,118.907394,350.00
2025-01-01T05:11:00+00:00,118.907394,119.264384,118.729033,119.085755,353.00
2025-01-01T05:12:00+00:00,119.085755,119.443280,118.907127,119.264384,356.00
2025-01-01T05:13:00+00:00,119.264384,119.622445,119.085487,119.443280,359.00
2025-01-01T05:14:00+00:00,119.443280,119.801879,119.264115,119.622445,362.00
2025-01-01T05:15:00+00:00,119.622445,120.281087,119.443012,120.100935,365.00
2025-01-01T05:16:00+00:00,120.100935,120.461508,119.920784,120.281087,368.00
2025-01-01T05:17:00+00:00,120.281087,120.642200,120.100665,120.461508,371.00
2025-01-01T05:18:00+00:00,120.461508,120.823164,120.280816,120.642200,374.00
2025-01-01T05:19:00+00:00,120.642200,121.004398,120.461237,120.823164,377.00
2025-01-01T05:20:00+00:00,120.823164,121.185905,120.641929,121.004398,140.00
2025-01-01T05:21:00+00:00,121.004398,121.367684,120.822892,121.185905,143.00
2025-01-01T05:22:00+00:00,121.185905,121.853155,121.004126,121.670649,146.00
2025-01-01T05:23:00+00:00,121.670649,122.035934,121.488143,121.853155,149.00
2025-01-01T05:24:00+00:00,121.853155,122.218988,121.670375,122.035934,152.00
2025-01-01T05:25:00+00:00,122.035934,122.402317,121.852880,122.218988,155.00
2025-01-01T05:26:00+00:00,122.218988,122.585920,122.035660,122.402317,158.00
2025-01-01T05:27:00+00:00,122.402317,122.769799,122.218713,122.585920,161.00
2025-01-01T05:28:00+00:00,122.585920,122.953954,122.402041,122.769799,164.00
2025-01-01T05:29:00+00:00,122.769799,123.445770,122.585644,123.260878,167.00
2025-01-01T05:30:00+00:00,123.260878,123.630938,123.075987,123.445770,170.00
2025-01-01T05:31:00+00:00,123.445770,123.816385,123.260601,123.630938,173.00
2025-01-01T05:32:00+00:00,123.630938,124.002109,123.445492,123.816385,176.00
2025-01-01T05:33:00+00:00,123.816385,124.188112,123.630660,124.002109,179.00
2025-01-01T05:34:00+00:00,124.002109,124.374395,123.816106,124.188112,182.00
2025-01-01T05:35:00+00:00,124.188112,124.560956,124.001830,124.374395,185.00
2025-01-01T05:36:00+00:00,124.374395,125.059200,124.187833,124.871892,188.00
2025-01-01T05:37:00+00:00,124.871892,125.246789,124.684584,125.059200,191.00
2025-01-01T05:38:00+00:00,125.059200,125.434659,124.871611,125.246789,194.00
2025-01-01T05:39:00+00:00,125.246789,125.622811,125.058919,125.434659,197.00
2025-01-01T05:40:00+00:00,125.434659,125.811245,125.246507,125.622811,200.00
2025-01-01T05:41:00+00:00,125.622811,125.999962,125.434377,125.811245,203.00
2025-01-01T05:42:00+00:00,125.811245,126.188962,125.622528,125.999962,206.00
2025-01-01T05:43:00+00:00,125.999962,126.693718,125.810962,126.503962,209.00
2025-01-01T05:44:00+00:00,126.503962,126.883758,126.314206,126.693718,212.00
2025-01-01T05:45:00+00:00,126.693718,127.074084,126.503677,126.883758,215.00
2025-01-01T05:46:00+00:00,126.883758,127.264695,126.693433,127.074084,218.00
2025-01-01T05:47:00+00:00,127.074084,127.455592,126.883473,127.264695,221.00
2025-01-01T05:48:00+00:00,127.264695,127.646776,127.073798,127.455592,224.00
2025-01-01T05:49:00+00:00,127.455592,127.838246,127.264409,127.646776,227.00
2025-01-01T05:50:00+00:00,127.646776,128.349599,127.455305,128.157363,230.00
2025-01-01T05:51:00+00:00,128.157363,128.542123,127.965127,128.349599,233.00
2025-01-01T05:52:00+00:00,128.349599,128.734936,128.157074,128.542123,236.00
2025-01-01T05:53:00+00:00,128.542123,128.928039,128.349310,128.734936,239.00
2025-01-01T05:54:00+00:00,128.734936,129.121431,128.541834,128.928039,242.00
2025-01-01T05:55:00+00:00,128.928039,129.315113,128.734647,129.121431,245.00
2025-01-01T05:56:00+00:00,129.121431,129.509086,128.927749,129.315113,248.00
2025-01-01T05:57:00+00:00,129.315113,130.027122,129.121140,129.832373,251.00
2025-01-01T05:58:00+00:00,129.832373,130.222163,129.637625,130.027122,254.00
2025-01-01T05:59:00+00:00,130.027122,130.417496,129.832081,130.222163,257.00
2025-01-01T06:00:00+00:00,130.222163,130.417496,129.922808,130.117985,300.00
2025-01-01T06:01:00+00:00,130.117985,130.313162,129.818870,130.013891,303.00
2025-01-01T06:02:00+00:00,130.013891,130.208911,129.715015,129.909879,306.00
2025-01-01T06:03:00+00:00,129.909879,130.104744,129.611243,129.805952,309.00
2025-01-01T06:04:00+00:00,129.805952,130.000660,129.507554,129.702107,312.00
2025-01-01T06:05:00+00:00,129.702107,129.896660,129.403948,129.598345,315.00
2025-01-01T06:06:00+00:00,129.598345,129.792743,129.300424,129.494666,318.00
2025-01-01T06:07:00+00:00,129.494666,129.688908,129.196984,129.391071,321.00
2025-01-01T06:08:00+00:00,129.391071,129.585157,129.093626,129.287558,324.00
2025-01-01T06:09:00+00:00,129.287558,129.481489,128.990352,129.184128,327.00
2025-01-01T06:10:00+00:00,129.184128,129.377904,128.887159,129.080780,330.00
2025-01-01T06:11:00+00:00,129.080780,129.274402,128.784050,128.977516,333.00
2025-01-01T06:12:00+00:00,128.977516,129.170982,128.681022,128.874334,336.00
2025-01-01T06:13:00+00:00,128.874334,129.067645,128.578078,128.771234,339.00
2025-01-01T06:14:00+00:00,128.771234,128.964391,128.475215,128.668217,342.00
2025-01-01T06:15:00+00:00,128.668217,128.861220,128.372435,128.565283,345.00
2025-01-01T06:16:00+00:00,128.565283,128.758131,128.269737,128.462431,348.00
2025-01-01T06:17:00+00:00,128.462431,128.655124,128.167121,128.359661,351.00
2025-01-01T06:18:00+00:00,128.359661,128.552200,128.064587,128.256973,354.00
2025-01-01T06:19:00+00:00,128.256973,128.449358,127.962136,128.154367,357.00
2025-01-01T06:20:00+00:00,128.154367,128.346599,127.859766,128.051844,360.00
2025-01-01T06:21:00+00:00,128.051844,128.243922,127.757478,127.949402,363.00
2025-01-01T06:22:00+00:00,127.949402,128.141326,127.655272,127.847043,366.00
2025-01-01T06:23:00+00:00,127.847043,128.038813,127.553148,127.744765,369.00
2025-01-01T06:24:00+00:00,127.744765,127.936382,127.451106,127.642569,372.00
2025-01-01T06:25:00+00:00,127.642569,127.834033,127.349145,127.540455,375.00
2025-01-01T06:26:00+00:00,127.540455,127.731766,127.247265,127.438423,378.00
2025-01-01T06:27:00+00:00,127.438423,127.629581,127.145468,127.336472,381.00
2025-01-01T06:28:00+00:00,127.336472,127.527477,127.043751,127.234603,384.00
2025-01-01T06:29:00+00:00,127.234603,127.425455,126.942116,127.132815,387.00
2025-01-01T06:30:00+00:00,127.132815,127.323515,126.840562,127.031109,390.00
2025-01-01T06:31:00+00:00,127.031109,127.221656,126.739090,126.929484,393.00
2025-01-01T06:32:00+00:00,126.929484,127.119878,126.637699,126.827941,396.00
2025-01-01T06:33:00+00:00,126.827941,127.018183,126.536389,126.726478,399.00
2025-01-01T06:34:00+00:00,126.726478,126.916568,126.435159,126.625097,402.00
2025-01-01T06:35:00+00:00,126.625097,126.815035,126.334011,126.523797,405.00
2025-01-01T06:36:00+00:00,126.523797,126.713583,126.232944,126.422578,408.00
2025-01-01T06:37:00+00:00,126.422578,126.612212,126.131958,126.321440,411.00
2025-01-01T06:38:00+00:00,126.321440,126.510922,126.031052,126.220383,414.00
2025-01-01T06:39:00+00:00,126.220383,126.409713,125.930227,126.119406,417.00
2025-01-01T06:40:00+00:00,126.119406,126.308586,125.829483,126.018511,180.00
2025-01-01T06:41:00+00:00,126.018511,126.207539,125.728820,125.917696,183.00
2025-01-01T06:42:00+00:00,125.917696,126.106573,125.628237,125.816962,186.00
2025-01-01T06:43:00+00:00,125.816962,126.005687,125.527734,125.716308,189.00
2025-01-01T06:44:00+00:00,125.716308,125.904883,125.427312,125.615735,192.00
2025-01-01T06:45:00+00:00,125.615735,125.804159,125.326970,125.515243,195.00
2025-01-01T06:46:00+00:00,125.515243,125.703516,125.226708,125.414831,198.00
2025-01-01T06:47:00+00:00,125.414831,125.602953,125.126527,125.314499,201.00
2025-01-01T06:48:00+00:00,125.314499,125.502470,125.026426,125.214247,204.00
2025-01-01T06:49:00+00:00,125.214247,125.402068,124.926405,125.114076,207.00
2025-01-01T06:50:00+00:00,125.114076,125.301747,124.826463,125.013984,210.00
2025-01-01T06:51:00+00:00,125.013984,125.201505,124.726602,124.913973,213.00
2025-01-01T06:52:00+00:00,124.913973,125.101344,124.626821,124.814042,216.00
2025-01-01T06:53:00+00:00,124.814042,125.001263,124.527120,124.714191,219.00
2025-01-01T06:54:00+00:00,124.714191,124.901262,124.427498,124.614420,222.00
2025-01-01T06:55:00+00:00,124.614420,124.801341,124.327956,124.514728,225.00
2025-01-01T06:56:00+00:00,124.514728,124.701500,124.228494,124.415116,228.00
2025-01-01T06:57:00+00:00,124.415116,124.601739,124.129111,124.315584,231.00
2025-01-01T06:58:00+00:00,124.315584,124.502057,124.029807,124.216132,234.00
2025-01-01T06:59:00+00:00,124.216132,124.402456,123.930584,124.116759,237.00
2025-01-01T07:00:00+00:00,124.116759,124.402376,123.930584,124.216052,280.00
2025-01-01T07:01:00+00:00,124.216052,124.501898,124.029728,124.315425,283.00
2025-01-01T07:02:00+00:00,124.315425,124.601500,124.128952,124.414877,286.00
2025-01-01T07:03:00+00:00,124.414877,124.975304,124.228255,124.788122,289.00
2025-01-01T07:04:00+00:00,124.788122,125.075284,124.600940,124.887952,292.00
2025-01-01T07:05:00+00:00,124.887952,125.175345,124.700621,124.987863,295.00
2025-01-01T07:06:00+00:00,124.987863,125.275485,124.800381,125.087853,298.00
2025-01-01T07:07:00+00:00,125.087853,125.375705,124.900221,125.187923,301.00
2025-01-01T07:08:00+00:00,125.187923,125.476006,125.000141,125.288074,304.00
2025-01-01T07:09:00+00:00,125.288074,125.576387,125.100142,125.388304,307.00
2025-01-01T07:10:00+00:00,125.388304,125.676848,125.200222,125.488615,310.00
2025-01-01T07:11:00+00:00,125.488615,125.777389,125.300382,125.589006,313.00
2025-01-01T07:12:00+00:00,125.589006,126.154721,125.400622,125.965773,316.00
2025-01-01T07:13:00+00:00,125.965773,126.255645,125.776824,126.066545,319.00
2025-01-01T07:14:00+00:00,126.066545,126.356650,125.877446,126.167399,322.00
2025-01-01T07:15:00+00:00,126.167399,126.457735,125.978147,126.268332,325.00
2025-01-01T07:16:00+00:00,126.268332,126.558901,126.078930,126.369347,328.00
2025-01-01T07:17:00+00:00,126.369347,126.660148,126.179793,126.470443,331.00
2025-01-01T07:18:00+00:00,126.470443,126.761476,126.280737,126.571619,334.00
2025-01-01T07:19:00+00:00,126.571619,126.862886,126.381762,126.672876,337.00
2025-01-01T07:20:00+00:00,126.672876,126.964376,126.482867,126.774215,340.00
2025-01-01T07:21:00+00:00,126.774215,127.345269,126.584053,127.154537,343.00
2025-01-01T07:22:00+00:00,127.154537,127.447145,126.963805,127.256261,346.00
2025-01-01T07:23:00+00:00,127.256261,127.549103,127.065376,127.358066,349.00
2025-01-01T07:24:00+00:00,127.358066,127.651142,127.167029,127.459952,352.00
2025-01-01T07:25:00+00:00,127.459952,127.753263,127.268762,127.561920,355.00
2025-01-01T07:26:00+00:00,127.561920,127.855466,127.370577,127.663970,358.00
2025-01-01T07:27:00+00:00,127.663970,127.957750,127.472474,127.766101,361.00
2025-01-01T07:28:00+00:00,127.766101,128.060116,127.574452,127.868314,364.00
2025-01-01T07:29:00+00:00,127.868314,128.162564,127.676511,127.970609,367.00
2025-01-01T07:30:00+00:00,127.970609,128.547052,127.778653,128.354520,370.00
2025-01-01T07:31:00+00:00,128.354520,128.649890,128.161989,128.457204,373.00
2025-01-01T07:32:00+00:00,128.457204,128.752810,128.264518,128.559970,376.00
2025-01-01T07:33:00+00:00,128.559970,128.855812,128.367130,128.662818,379.00
2025-01-01T07:34:00+00:00,128.662818,128.958897,128.469823,128.765748,382.00
2025-01-01T07:35:00+00:00,128.765748,129.062064,128.572599,128.868761,385.00
2025-01-01T07:36:00+00:00,128.868761,129.165313,128.675457,128.971856,388.00
2025-01-01T07:37:00+00:00,128.971856,129.268646,128.778398,129.075033,391.00
2025-01-01T07:38:00+00:00,129.075033,129.372061,128.881421,129.178293,394.00
2025-01-01T07:39:00+00:00,129.178293,129.760177,128.984526,129.565828,397.00
2025-01-01T07:40:00+00:00,129.565828,129.863985,129.371479,129.669481,400.00
2025-01-01T07:41:00+00:00,129.669481,129.967876,129.474976,129.773216,403.00
2025-01-01T07:42:00+00:00,129.773216,130.071850,129.578556,129.877035,406.00
2025-01-01T07:43:00+00:00,129.877035,130.175908,129.682219,129.980936,409.00
2025-01-01T07:44:00+00:00,129.980936,130.280049,129.785965,130.084921,412.00
2025-01-01T07:45:00+00:00,130.084921,130.384273,129.889794,130.188989,415.00
2025-01-01T07:46:00+00:00,130.188989,130.488580,129.993706,130.293140,418.00
2025-01-01T07:47:00+00:00,130.293140,130.592971,130.097701,130.397375,421.00
2025-01-01T07:48:00+00:00,130.397375,130.984750,130.201779,130.788567,424.00
2025-01-01T07:49:00+00:00,130.788567,131.089538,130.592384,130.893198,427.00
2025-01-01T07:50:00+00:00,130.893198,131.194409,130.696858,130.997912,430.00
2025-01-01T07:51:00+00:00,130.997912,131.299365,130.801415,131.102711,433.00
2025-01-01T07:52:00+00:00,131.102711,131.404404,130.906057,131.207593,436.00
2025-01-01T07:53:00+00:00,131.207593,131.509528,131.010781,131.312559,439.00
2025-01-01T07:54:00+00:00,131.312559,131.614735,131.115590,131.417609,442.00
2025-01-01T07:55:00+00:00,131.417609,131.720027,131.220483,131.522743,445.00
2025-01-01T07:56:00+00:00,131.522743,131.825403,131.325459,131.627961,448.00
2025-01-01T07:57:00+00:00,131.627961,132.220879,131.430519,132.022845,451.00
2025-01-01T07:58:00+00:00,132.022845,132.326656,131.824811,132.128463,454.00
2025-01-01T07:59:00+00:00,132.128463,132.432517,131.930271,132.234166,457.00
2025-01-01T08:00:00+00:00,132.234166,132.459004,132.035815,132.260613,100.00
2025-01-01T08:01:00+00:00,132.260613,132.485496,132.062222,132.287065,103.00
2025-01-01T08:02:00+00:00,132.287065,132.511993,132.088635,132.313523,106.00
2025-01-01T08:03:00+00:00,132.313523,132.538495,132.115052,132.339985,109.00
2025-01-01T08:04:00+00:00,132.339985,132.565003,132.141475,132.366453,112.00
2025-01-01T08:05:00+00:00,132.366453,132.591516,132.167904,132.392927,115.00
2025-01-01T08:06:00+00:00,132.392927,132.618034,132.194337,132.419405,118.00
2025-01-01T08:07:00+00:00,132.419405,132.644558,132.220776,132.445889,121.00
2025-01-01T08:08:00+00:00,132.445889,132.671087,132.247220,132.472378,124.00
2025-01-01T08:09:00+00:00,132.472378,132.697621,132.273670,132.498873,127.00
2025-01-01T08:10:00+00:00,132.498873,132.724160,132.300124,132.525372,130.00
2025-01-01T08:11:00+00:00,132.525372,132.750705,132.326584,132.551878,133.00
2025-01-01T08:12:00+00:00,132.551878,132.777255,132.353050,132.578388,136.00
2025-01-01T08:13:00+00:00,132.578388,132.803811,132.379520,132.604904,139.00
2025-01-01T08:14:00+00:00,132.604904,132.830372,132.405996,132.631425,142.00
2025-01-01T08:15:00+00:00,132.631425,132.856938,132.432477,132.657951,145.00
2025-01-01T08:16:00+00:00,132.657951,132.883509,132.458964,132.684482,148.00
2025-01-01T08:17:00+00:00,132.684482,132.910086,132.485456,132.711019,151.00
2025-01-01T08:18:00+00:00,132.711019,132.936668,132.511953,132.737562,154.00
2025-01-01T08:19:00+00:00,132.737562,132.963255,132.538455,132.764109,157.00
2025-01-01T08:20:00+00:00,132.764109,132.989848,132.564963,132.790662,160.00
2025-01-01T08:21:00+00:00,132.790662,133.016446,132.591476,132.817220,163.00
2025-01-01T08:22:00+00:00,132.817220,133.043049,132.617994,132.843783,166.00
2025-01-01T08:23:00+00:00,132.843783,133.069658,132.644518,132.870352,169.00
2025-01-01T08:24:00+00:00,132.870352,133.096272,132.671047,132.896926,172.00
2025-01-01T08:25:00+00:00,132.896926,133.122891,132.697581,132.923506,175.00
2025-01-01T08:26:00+00:00,132.923506,133.149515,132.724120,132.950090,178.00
2025-01-01T08:27:00+00:00,132.950090,133.176145,132.750665,132.976680,181.00
2025-01-01T08:28:00+00:00,132.976680,133.202781,132.777215,133.003276,184.00
2025-01-01T08:29:00+00:00,133.003276,133.229421,132.803771,133.029876,187.00
2025-01-01T08:30:00+00:00,133.029876,133.256067,132.830332,133.056482,190.00
2025-01-01T08:31:00+00:00,133.056482,133.282718,132.856898,133.083094,193.00
2025-01-01T08:32:00+00:00,133.083094,133.309375,132.883469,133.109710,196.00
2025-01-01T08:33:00+00:00,133.109710,133.336037,132.910046,133.136332,199.00
2025-01-01T08:34:00+00:00,133.136332,133.362704,132.936628,133.162959,202.00
2025-01-01T08:35:00+00:00,133.162959,133.389376,132.963215,133.189592,205.00
2025-01-01T08:36:00+00:00,133.189592,133.416054,132.989808,133.216230,208.00
2025-01-01T08:37:00+00:00,133.216230,133.442738,133.016406,133.242873,211.00
2025-01-01T08:38:00+00:00,133.242873,133.469426,133.043009,133.269522,214.00
2025-01-01T08:39:00+00:00,133.269522,133.496120,133.069617,133.296176,217.00
2025-01-01T08:40:00+00:00,133.296176,133.522819,133.096231,133.322835,220.00
2025-01-01T08:41:00+00:00,133.322835,133.549524,133.122851,133.349499,223.00
2025-01-01T08:42:00+00:00,133.349499,133.576234,133.149475,133.376169,226.00
2025-01-01T08:43:00+00:00,133.376169,133.602949,133.176105,133.402845,229.00
2025-01-01T08:44:00+00:00,133.402845,133.629669,133.202740,133.429525,232.00
2025-01-01T08:45:00+00:00,133.429525,133.656395,133.229381,133.456211,235.00
2025-01-01T08:46:00+00:00,133.456211,133.683127,133.256027,133.482902,238.00
2025-01-01T08:47:00+00:00,133.482902,133.709863,133.282678,133.509599,241.00
2025-01-01T08:48:00+00:00,133.509599,133.736605,133.309335,133.536301,244.00
2025-01-01T08:49:00+00:00,133.536301,133.763353,133.335996,133.563008,247.00
2025-01-01T08:50:00+00:00,133.563008,133.790105,133.362664,133.589721,250.00
2025-01-01T08:51:00+00:00,133.589721,133.816863,133.389336,133.616439,253.00
2025-01-01T08:52:00+00:00,133.616439,133.843627,133.416014,133.643162,256.00
2025-01-01T08:53:00+00:00,133.643162,133.870395,133.442697,133.669891,259.00
2025-01-01T08:54:00+00:00,133.669891,133.897169,133.469386,133.696625,262.00
2025-01-01T08:55:00+00:00,133.696625,133.923949,133.496080,133.723364,265.00
2025-01-01T08:56:00+00:00,133.723364,133.950734,133.522779,133.750109,268.00
2025-01-01T08:57:00+00:00,133.750109,133.977524,133.549483,133.776859,271.00
2025-01-01T08:58:00+00:00,133.776859,134.004319,133.576193,133.803614,274.00
2025-01-01T08:59:00+00:00,133.803614,134.031120,133.602909,133.830375,277.00
2025-01-01T09:00:00+00:00,133.830375,134.232167,133.629629,134.031120,320.00
2025-01-01T09:01:00+00:00,134.031120,134.433515,133.830074,134.232167,323.00
2025-01-01T09:02:00+00:00,134.232167,134.635165,134.030819,134.433515,326.00
2025-01-01T09:03:00+00:00,134.433515,134.837118,134.231865,134.635165,329.00
2025-01-01T09:04:00+00:00,134.635165,135.039374,134.433213,134.837118,332.00
2025-01-01T09:05:00+00:00,134.837118,135.241933,134.634862,135.039374,335.00
2025-01-01T09:06:00+00:00,135.039374,135.782901,134.836815,135.579531,338.00
2025-01-01T09:07:00+00:00,135.579531,135.986575,135.376162,135.782901,341.00
2025-01-01T09:08:00+00:00,135.782901,136.190555,135.579226,135.986575,344.00
2025-01-01T09:09:00+00:00,135.986575,136.394841,135.782595,136.190555,347.00
2025-01-01T09:10:00+00:00,136.190555,136.599433,135.986269,136.394841,350.00
2025-01-01T09:11:00+00:00,136.394841,136.804332,136.190248,136.599433,353.00
2025-01-01T09:12:00+00:00,136.599433,137.009539,136.394534,136.804332,356.00
2025-01-01T09:13:00+00:00,136.804332,137.557577,136.599126,137.351549,359.00
2025-01-01T09:14:00+00:00,137.351549,137.763913,137.145522,137.557577,362.00
2025-01-01T09:15:00+00:00,137.557577,137.970559,137.351240,137.763913,365.00
2025-01-01T09:16:00+00:00,137.763913,138.177515,137.557267,137.970559,368.00
2025-01-01T09:17:00+00:00,137.970559,138.384781,137.763603,138.177515,371.00
2025-01-01T09:18:00+00:00,138.177515,138.592358,137.970249,138.384781,374.00
2025-01-01T09:19:00+00:00,138.384781,138.800247,138.177204,138.592358,377.00
2025-01-01T09:20:00+00:00,138.592358,139.355448,138.384470,139.146728,140.00
2025-01-01T09:21:00+00:00,139.146728,139.564481,138.938008,139.355448,143.00
2025-01-01T09:22:00+00:00,139.355448,139.773828,139.146415,139.564481,146.00
2025-01-01T09:23:00+00:00,139.564481,139.983488,139.355134,139.773828,149.00
2025-01-01T09:24:00+00:00,139.773828,140.193464,139.564167,139.983488,152.00
2025-01-01T09:25:00+00:00,139.983488,140.403754,139.773513,140.193464,155.00
2025-01-01T09:26:00+00:00,140.193464,140.614359,139.983173,140.403754,158.00
2025-01-01T09:27:00+00:00,140.403754,141.176817,140.193148,140.965369,161.00
2025-01-01T09:28:00+00:00,140.965369,141.388582,140.753921,141.176817,164.00
2025-01-01T09:29:00+00:00,141.176817,141.600665,140.965052,141.388582,167.00
2025-01-01T09:30:00+00:00,141.388582,141.813066,141.176499,141.600665,170.00
2025-01-01T09:31:00+00:00,141.600665,142.025786,141.388264,141.813066,173.00
2025-01-01T09:32:00+00:00,141.813066,142.238824,141.600346,142.025786,176.00
2025-01-01T09:33:00+00:00,142.025786,142.452183,141.812747,142.238824,179.00
2025-01-01T09:34:00+00:00,142.238824,143.021991,142.025466,142.807780,182.00
2025-01-01T09:35:00+00:00,142.807780,143.236524,142.593568,143.021991,185.00
2025-01-01T09:36:00+00:00,143.021991,143.451379,142.807458,143.236524,188.00
2025-01-01T09:37:00+00:00,143.236524,143.666556,143.021669,143.451379,191.00
2025-01-01T09:38:00+00:00,143.451379,143.882056,143.236202,143.666556,194.00
2025-01-01T09:39:00+00:00,143.666556,144.097879,143.451056,143.882056,197.00
2025-01-01T09:40:00+00:00,143.882056,144.314026,143.666233,144.097879,200.00
2025-01-01T09:41:00+00:00,144.097879,144.891282,143.881732,144.674271,203.00
2025-01-01T09:42:00+00:00,144.674271,145.108619,144.457259,144.891282,206.00
2025-01-01T09:43:00+00:00,144.891282,145.326282,144.673945,145.108619,209.00
2025-01-01T09:44:00+00:00,145.108619,145.544271,144.890956,145.326282,212.00
2025-01-01T09:45:00+00:00,145.326282,145.762588,145.108292,145.544271,215.00
2025-01-01T09:46:00+00:00,145.544271,145.981231,145.325955,145.762588,218.00
2025-01-01T09:47:00+00:00,145.762588,146.200203,145.543944,145.981231,221.00
2025-01-01T09:48:00+00:00,145.981231,146.785004,145.762260,146.565156,224.00
2025-01-01T09:49:00+00:00,146.565156,147.005182,146.345309,146.785004,227.00
2025-01-01T09:50:00+00:00,146.785004,147.225689,146.564827,147.005182,230.00
2025-01-01T09:51:00+00:00,147.005182,147.446528,146.784674,147.225689,233.00
2025-01-01T09:52:00+00:00,147.225689,147.667698,147.004851,147.446528,236.00
2025-01-01T09:53:00+00:00,147.446528,147.889199,147.225358,147.667698,239.00
2025-01-01T09:54:00+00:00,147.667698,148.111033,147.446196,147.889199,242.00
2025-01-01T09:55:00+00:00,147.889199,148.703477,147.667366,148.480756,245.00
2025-01-01T09:56:00+00:00,148.480756,148.926532,148.258035,148.703477,248.00
2025-01-01T09:57:00+00:00,148.703477,149.149922,148.480422,148.926532,251.00
2025-01-01T09:58:00+00:00,148.926532,149.373647,148.703143,149.149922,254.00
2025-01-01T09:59:00+00:00,149.149922,149.597708,148.926197,149.373647,257.00
2025-01-01T10:00:00+00:00,149.373647,149.597708,149.030267,149.254148,300.00
2025-01-01T10:01:00+00:00,149.254148,149.478029,148.911043,149.134745,303.00
2025-01-01T10:02:00+00:00,149.134745,149.358447,148.791914,149.015437,306.00
2025-01-01T10:03:00+00:00,149.015437,149.238960,148.672880,148.896225,309.00
2025-01-01T10:04:00+00:00,148.896225,149.119569,148.553942,148.777108,312.00
2025-01-01T10:05:00+00:00,148.777108,149.000273,148.435099,148.658086,315.00
2025-01-01T10:06:00+00:00,148.658086,148.881073,148.316351,148.539160,318.00
2025-01-01T10:07:00+00:00,148.539160,148.761968,148.197698,148.420328,321.00
2025-01-01T10:08:00+00:00,148.420328,148.642959,148.079140,148.301592,324.00
2025-01-01T10:09:00+00:00,148.301592,148.524044,147.960676,148.182951,327.00
2025-01-01T10:10:00+00:00,148.182951,148.405225,147.842308,148.064404,330.00
2025-01-01T10:11:00+00:00,148.064404,148.286501,147.724034,147.945953,333.00
2025-01-01T10:12:00+00:00,147.945953,148.167872,147.605855,147.827596,336.00
2025-01-01T10:13:00+00:00,147.827596,148.049338,147.487770,147.709334,339.00
2025-01-01T10:14:00+00:00,147.709334,147.930898,147.369780,147.591167,342.00
2025-01-01T10:15:00+00:00,147.591167,147.812553,147.251884,147.473094,345.00
2025-01-01T10:16:00+00:00,147.473094,147.694303,147.134082,147.355115,348.00
2025-01-01T10:17:00+00:00,147.355115,147.576148,147.016375,147.237231,351.00
2025-01-01T10:18:00+00:00,147.237231,147.458087,146.898762,147.119441,354.00
2025-01-01T10:19:00+00:00,147.119441,147.340120,146.781243,147.001746,357.00
2025-01-01T10:20:00+00:00,147.001746,147.222248,146.663818,146.884144,360.00
2025-01-01T10:21:00+00:00,146.884144,147.104471,146.546487,146.766637,363.00
2025-01-01T10:22:00+00:00,146.766637,146.986787,146.429250,146.649224,366.00
2025-01-01T10:23:00+00:00,146.649224,146.869198,146.312106,146.531904,369.00
2025-01-01T10:24:00+00:00,146.531904,146.751702,146.195057,146.414679,372.00
2025-01-01T10:25:00+00:00,146.414679,146.634301,146.078101,146.297547,375.00
2025-01-01T10:26:00+00:00,146.297547,146.516993,145.961238,146.180509,378.00
2025-01-01T10:27:00+00:00,146.180509,146.399780,145.844469,146.063565,381.00
2025-01-01T10:28:00+00:00,146.063565,146.282660,145.727794,145.946714,384.00
2025-01-01T10:29:00+00:00,145.946714,146.165634,145.611211,145.829956,387.00
2025-01-01T10:30:00+00:00,145.829956,146.048701,145.494722,145.713292,390.00
2025-01-01T10:31:00+00:00,145.713292,145.931862,145.378327,145.596722,393.00
2025-01-01T10:32:00+00:00,145.596722,145.815117,145.262024,145.480244,396.00
2025-01-01T10:33:00+00:00,145.480244,145.698465,145.145814,145.363860,399.00
2025-01-01T10:34:00+00:00,145.363860,145.581906,145.029698,145.247569,402.00
2025-01-01T10:35:00+00:00,145.247569,145.465440,144.913674,145.131371,405.00
2025-01-01T10:36:00+00:00,145.131371,145.349068,144.797743,145.015266,408.00
2025-01-01T10:37:00+00:00,145.015266,145.232789,144.681905,144.899254,411.00
2025-01-01T10:38:00+00:00,144.899254,145.116603,144.566159,144.783334,414.00
2025-01-01T10:39:00+00:00,144.783334,145.000509,144.450506,144.667508,417.00
2025-01-01T10:40:00+00:00,144.667508,144.884509,144.334946,144.551774,180.00
2025-01-01T10:41:00+00:00,144.551774,144.768601,144.219478,144.436132,183.00
2025-01-01T10:42:00+00:00,144.436132,144.652786,144.104102,144.320583,186.00
2025-01-01T10:43:00+00:00,144.320583,144.537064,143.988819,144.205127,189.00
2025-01-01T10:44:00+00:00,144.205127,144.421435,143.873628,144.089763,192.00
2025-01-01T10:45:00+00:00,144.089763,144.305897,143.758529,143.974491,195.00
2025-01-01T10:46:00+00:00,143.974491,144.190453,143.643522,143.859311,198.00
2025-01-01T10:47:00+00:00,143.859311,144.075100,143.528608,143.744224,201.00
2025-01-01T10:48:00+00:00,143.744224,143.959840,143.413785,143.629229,204.00
2025-01-01T10:49:00+00:00,143.629229,143.844672,143.299054,143.514325,207.00
2025-01-01T10:50:00+00:00,143.514325,143.729597,143.184414,143.399514,210.00
2025-01-01T10:51:00+00:00,143.399514,143.614613,143.069867,143.284794,213.00
2025-01-01T10:52:00+00:00,143.284794,143.499721,142.955411,143.170166,216.00
2025-01-01T10:53:00+00:00,143.170166,143.384922,142.841047,143.055630,219.00
2025-01-01T10:54:00+00:00,143.055630,143.270214,142.726774,142.941186,222.00
2025-01-01T10:55:00+00:00,142.941186,143.155597,142.612592,142.826833,225.00
2025-01-01T10:56:00+00:00,142.826833,143.041073,142.498502,142.712571,228.00
2025-01-01T10:57:00+00:00,142.712571,142.926640,142.384504,142.598401,231.00
2025-01-01T10:58:00+00:00,142.598401,142.812299,142.270596,142.484322,234.00
2025-01-01T10:59:00+00:00,142.484322,142.698049,142.156779,142.370335,237.00
2025-01-01T11:00:00+00:00,142.370335,142.697958,142.156779,142.484231,280.00
2025-01-01T11:01:00+00:00,142.484231,142.812116,142.270505,142.598219,283.00
2025-01-01T11:02:00+00:00,142.598219,142.926366,142.384321,142.712297,286.00
2025-01-01T11:03:00+00:00,142.712297,143.040707,142.498229,142.826467,289.00
2025-01-01T11:04:00+00:00,142.826467,143.155139,142.612227,142.940728,292.00
2025-01-01T11:05:00+00:00,142.940728,143.269663,142.726317,143.055081,295.00
2025-01-01T11:06:00+00:00,143.055081,143.699472,142.840498,143.484246,298.00
2025-01-01T11:07:00+00:00,143.484246,143.814432,143.269020,143.599033,301.00
2025-01-01T11:08:00+00:00,143.599033,143.929484,143.383635,143.713913,304.00
2025-01-01T11:09:00+00:00,143.713913,144.044627,143.498342,143.828884,307.00
2025-01-01T11:10:00+00:00,143.828884,144.159863,143.613140,143.943947,310.00
2025-01-01T11:11:00+00:00,143.943947,144.275191,143.728031,144.059102,313.00
2025-01-01T11:12:00+00:00,144.059102,144.390611,143.843013,144.174349,316.00
2025-01-01T11:13:00+00:00,144.174349,144.506123,143.958088,144.289689,319.00
2025-01-01T11:14:00+00:00,144.289689,144.621728,144.073254,144.405121,322.00
2025-01-01T11:15:00+00:00,144.405121,145.055593,144.188513,144.838336,325.00
2025-01-01T11:16:00+00:00,144.838336,145.171638,144.621078,144.954207,328.00
2025-01-01T11:17:00+00:00,144.954207,145.287775,144.736775,145.070170,331.00
2025-01-01T11:18:00+00:00,145.070170,145.404005,144.852565,145.186226,334.00
2025-01-01T11:19:00+00:00,145.186226,145.520329,144.968447,145.302375,337.00
2025-01-01T11:20:00+00:00,145.302375,145.636745,145.084422,145.418617,340.00
2025-01-01T11:21:00+00:00,145.418617,145.753254,145.200489,145.534952,343.00
2025-01-01T11:22:00+00:00,145.534952,145.869857,145.316649,145.651380,346.00
2025-01-01T11:23:00+00:00,145.651380,145.986553,145.432903,145.767901,349.00
2025-01-01T11:24:00+00:00,145.767901,146.424512,145.549249,146.205205,352.00
2025-01-01T11:25:00+00:00,146.205205,146.541652,145.985897,146.322169,355.00
2025-01-01T11:26:00+00:00,146.322169,146.658885,146.102686,146.439227,358.00
2025-01-01T11:27:00+00:00,146.439227,146.776213,146.219568,146.556378,361.00
2025-01-01T11:28:00+00:00,146.556378,146.893633,146.336543,146.673623,364.00
2025-01-01T11:29:00+00:00,146.673623,147.011148,146.453613,146.790962,367.00
2025-01-01T11:30:00+00:00,146.790962,147.128757,146.570775,146.908395,370.00
2025-01-01T11:31:00+00:00,146.908395,147.246460,146.688032,147.025921,373.00
2025-01-01T11:32:00+00:00,147.025921,147.364257,146.805383,147.143542,376.00
2025-01-01T11:33:00+00:00,147.143542,147.806350,146.922827,147.584973,379.00
2025-01-01T11:34:00+00:00,147.584973,147.924595,147.363595,147.703041,382.00
2025-01-01T11:35:00+00:00,147.703041,148.042935,147.481486,147.821203,385.00
2025-01-01T11:36:00+00:00,147.821203,148.161369,147.599471,147.939460,388.00
2025-01-01T11:37:00+00:00,147.939460,148.279898,147.717551,148.057812,391.00
2025-01-01T11:38:00+00:00,148.057812,148.398522,147.835725,148.176258,394.00
2025-01-01T11:39:00+00:00,148.176258,148.517241,147.953994,148.294799,397.00
2025-01-01T11:40:00+00:00,148.294799,148.636055,148.072357,148.413435,400.00
2025-01-01T11:41:00+00:00,148.413435,148.754964,148.190815,148.532166,403.00
2025-01-01T11:42:00+00:00,148.532166,149.201229,148.309367,148.977762,406.00
2025-01-01T11:43:00+00:00,148.977762,149.320590,148.754295,149.096944,409.00
2025-01-01T11:44:00+00:00,149.096944,149.440046,148.873299,149.216222,412.00
2025-01-01T11:45:00+00:00,149.216222,149.559598,148.992398,149.335595,415.00
2025-01-01T11:46:00+00:00,149.335595,149.679246,149.111591,149.455063,418.00
2025-01-01T11:47:00+00:00,149.455063,149.798989,149.230881,149.574627,421.00
2025-01-01T11:48:00+00:00,149.574627,149.918828,149.350265,149.694287,424.00
2025-01-01T11:49:00+00:00,149.694287,150.038764,149.469746,149.814042,427.00
2025-01-01T11:50:00+00:00,149.814042,150.158795,149.589321,149.933894,430.00
2025-01-01T11:51:00+00:00,149.933894,150.609271,149.708993,150.383695,433.00
2025-01-01T11:52:00+00:00,150.383695,150.729758,150.158120,150.504002,436.00
2025-01-01T11:53:00+00:00,150.504002,150.850342,150.278246,150.624406,439.00
2025-01-01T11:54:00+00:00,150.624406,150.971022,150.398469,150.744905,442.00
2025-01-01T11:55:00+00:00,150.744905,151.091799,150.518788,150.865501,445.00
2025-01-01T11:56:00+00:00,150.865501,151.212673,150.639203,150.986193,448.00
2025-01-01T11:57:00+00:00,150.986193,151.333643,150.759714,151.106982,451.00
2025-01-01T11:58:00+00:00,151.106982,151.454710,150.880322,151.227868,454.00
2025-01-01T11:59:00+00:00,151.227868,151.575874,151.001026,151.348850,457.00
